method,n,ok,failure_rate,SAD,MSE,MAE_x1000,Boundary_SAD,Boundary_MSE
promptmatte_tta_gf_box_support_prior,706,706,0.0,2.1226581531463364,0.00044541403604227175,0.7528136347766132,0.6382831930481003,0.0736549061573989
zim_vitb_flip_tta_bbox_guided_r1,706,706,0.0,2.123826205445501,0.00044581581196763713,0.7532680459431355,0.6385563802047931,0.07384629357176128
