method,n,ok,failure_rate,SAD,MSE,MAE_x1000,Boundary_SAD,Boundary_MSE
promptmatte_tta_gf_box_support_prior,506,506,0.0,2.1004556301141917,0.00044009934331981583,0.7518108730082926,0.629144825792242,0.07301178124177421
zim_vitb_flip_tta_bbox_guided_r1,506,506,0.0,2.1009846543782786,0.000440252294544659,0.752010180467644,0.6294268547987985,0.07322352144705213
